table with row headers in column B and column headers in rows 3 through 4 (leading dots indicate sub-parts),,,,
Rank,City,2020,2021,2022
1,"New York city, New York","8,740,647","8,459,001","8,335,897"
2,"Los Angeles city, California","3,895,836","3,837,986","3,822,238"
3,"Chicago city, Illinois","2,740,076","2,698,029","2,665,039"
4,"Houston city, Texas","2,299,867","2,291,655","2,302,878"
5,"Phoenix city, Arizona","1,612,337","1,625,356","1,644,409"
6,"Philadelphia city, Pennsylvania","1,600,600","1,589,480","1,567,258"
7,"San Antonio city, Texas","1,439,225","1,454,020","1,472,909"
8,"San Diego city, California","1,386,872","1,374,484","1,381,162"
9,"Dallas city, Texas","1,303,641","1,290,711","1,299,544"
10,"Austin city, Texas","965,768","969,343","974,447"
11,"Jacksonville city, Florida","951,707","956,911","971,319"
12,"San Jose city, California","1,009,830","981,466","971,233"
13,"Fort Worth city, Texas","923,576","937,539","956,709"
14,"Columbus city, Ohio","906,266","903,051","907,971"
15,"Charlotte city, North Carolina","875,115","882,503","897,720"
16,"Indianapolis city (balance), Indiana","887,153","882,420","880,621"
17,"San Francisco city, California","870,393","811,253","808,437"
18,"Seattle city, Washington","740,520","731,507","749,256"
19,"Denver city, Colorado","717,556","711,323","713,252"
20,"Oklahoma City city, Oklahoma","683,024","688,361","694,800"
21,"Nashville-Davidson metropolitan government (balance), Tennessee","689,725","678,134","683,622"
22,"El Paso city, Texas","679,040","678,475","677,456"
23,"Washington city, District of Columbia","670,868","668,791","671,803"
24,"Las Vegas city, Nevada","646,737","650,770","656,274"
25,"Boston city, Massachusetts","671,570","654,537","650,706"
26,"Portland city, Oregon","653,294","643,375","635,067"
27,"Louisville/Jefferson County metro government (balance), Kentucky","632,441","627,709","624,444"
28,"Memphis city, Tennessee","631,168","625,982","621,056"
29,"Detroit city, Michigan","637,342","628,167","620,376"
30,"Baltimore city, Maryland","583,139","576,981","569,931"
31,"Milwaukee city, Wisconsin","576,511","565,840","563,305"
32,"Albuquerque city, New Mexico","564,855","563,108","561,008"
33,"Tucson city, Arizona","542,676","541,234","546,574"
34,"Fresno city, California","542,447","543,910","545,567"
35,"Sacramento city, California","525,668","525,951","528,001"
36,"Mesa city, Arizona","505,863","509,339","512,498"
37,"Kansas City city, Missouri","508,183","508,949","509,297"
38,"Atlanta city, Georgia","499,868","492,667","499,127"
39,"Colorado Springs city, Colorado","480,292","483,328","486,248"
40,"Omaha city, Nebraska","492,601","488,508","485,153"
41,"Raleigh city, North Carolina","464,320","469,892","476,587"
42,"Virginia Beach city, Virginia","459,646","458,680","455,618"
43,"Long Beach city, California","465,448","454,334","451,307"
44,"Miami city, Florida","442,799","441,999","449,514"
45,"Oakland city, California","440,873","436,291","430,553"
46,"Minneapolis city, Minnesota","430,684","424,635","425,096"
47,"Tulsa city, Oklahoma","413,603","412,770","411,867"
48,"Bakersfield city, California","405,181","409,079","410,647"
49,"Tampa city, Florida","387,908","392,893","398,173"
50,"Wichita city, Kansas","398,003","396,679","396,192"
51,"Arlington city, Texas","394,212","393,278","394,602"
52,"Aurora city, Colorado","386,749","390,370","393,537"
53,"New Orleans city, Louisiana","383,218","377,063","369,749"
54,"Cleveland city, Ohio","371,817","365,389","361,607"
55,"Anaheim city, California","347,105","346,174","344,461"
56,"Urban Honolulu CDP, Hawaii","348,387","346,594","343,421"
57,"Henderson city, Nevada","319,039","322,421","331,415"
58,"Stockton city, California","321,023","322,607","321,819"
59,"Riverside city, California","315,469","313,912","320,764"
60,"Lexington-Fayette urban county, Kentucky","322,613","320,473","320,347"
61,"Corpus Christi city, Texas","318,047","317,828","316,239"
62,"Orlando city, Florida","307,733","309,854","316,081"
63,"Irvine city, California","308,974","305,096","313,685"
64,"Cincinnati city, Ohio","309,574","308,685","309,513"
65,"Santa Ana city, California","309,921","308,771","308,189"
66,"Newark city, New Jersey","310,613","307,312","305,344"
67,"St. Paul city, Minnesota","311,130","307,150","303,176"
68,"Pittsburgh city, Pennsylvania","302,762","305,441","302,898"
69,"Greensboro city, North Carolina","296,916","299,225","301,115"
70,"Lincoln city, Nebraska","291,576","291,476","292,627"
71,"Durham city, North Carolina","284,362","289,177","291,928"
72,"Plano city, Texas","286,388","288,696","289,547"
73,"Anchorage municipality, Alaska","290,866","288,702","287,145"
74,"Jersey City city, New Jersey","291,919","284,642","286,670"
75,"St. Louis city, Missouri","300,483","293,562","286,578"
76,"Chandler city, Arizona","277,327","279,479","280,711"
77,"North Las Vegas city, Nevada","261,191","271,124","280,543"
78,"Chula Vista city, California","276,041","277,008","279,170"
79,"Buffalo city, New York","277,620","277,845","276,486"
80,"Gilbert town, Arizona","269,157","273,205","275,346"
81,"Reno city, Nevada","264,965","270,025","273,448"
82,"Madison city, Wisconsin","270,313","267,871","272,903"
83,"Fort Wayne city, Indiana","264,361","266,372","267,927"
84,"Toledo city, Ohio","270,266","268,744","266,301"
85,"Lubbock city, Texas","257,974","261,199","263,930"
86,"St. Petersburg city, Florida","258,997","259,083","261,256"
87,"Laredo city, Texas","255,479","255,895","256,187"
88,"Irving city, Texas","256,866","254,561","254,715"
89,"Chesapeake city, Virginia","249,803","251,739","252,488"
90,"Glendale city, Arizona","248,904","249,893","252,136"
91,"Winston-Salem city, North Carolina","249,793","250,922","251,350"
92,"Scottsdale city, Arizona","241,866","242,780","243,050"
93,"Garland city, Texas","245,450","242,189","240,854"
94,"Boise City city, Idaho","236,018","238,021","236,634"
95,"Norfolk city, Virginia","237,738","235,025","232,995"
96,"Port St. Lucie city, Florida","206,808","217,903","231,790"
97,"Spokane city, Washington","229,187","229,674","230,160"
98,"Richmond city, Virginia","227,008","227,602","229,395"
99,"Fremont city, California","230,194","226,532","223,871"
100,"Huntsville city, Alabama","216,344","218,672","221,933"
101,"Tacoma city, Washington","219,693","219,593","221,776"
102,"Baton Rouge city, Louisiana","226,265","224,076","221,453"
103,"Santa Clarita city, California","228,065","224,320","221,345"
104,"San Bernardino city, California","222,028","221,242","220,328"
105,"Hialeah city, Florida","222,390","220,980","220,292"
106,"Frisco city, Texas","202,742","211,081","219,587"
107,"Modesto city, California","218,654","218,948","218,069"
108,"Cape Coral city, Florida","195,408","203,975","216,992"
109,"Fontana city, California","208,620","210,540","212,475"
110,"Moreno Valley city, California","209,107","211,564","211,924"
111,"Des Moines city, Iowa","213,814","212,538","211,034"
112,"Rochester city, New York","211,167","211,207","209,352"
113,"Fayetteville city, North Carolina","208,104","209,669","208,873"
114,"Yonkers city, New York","210,989","209,942","208,121"
115,"McKinney city, Texas","197,474","203,427","207,507"
116,"Worcester city, Massachusetts","205,063","205,660","205,319"
117,"Salt Lake City city, Utah","200,658","201,165","204,657"
118,"Little Rock city, Arkansas","202,622","202,230","202,864"
119,"Columbus city, Georgia","206,998","205,024","202,616"
120,"Augusta-Richmond County consolidated government (balance), Georgia","202,000","200,838","202,096"
121,"Sioux Falls city, South Dakota","193,409","196,802","202,078"
122,"Grand Prairie city, Texas","196,278","197,427","201,843"
123,"Tallahassee city, Florida","197,926","200,289","201,731"
124,"Amarillo city, Texas","200,507","200,852","201,291"
125,"Oxnard city, California","202,244","202,054","200,415"
126,"Peoria city, Arizona","191,961","194,973","197,866"
127,"Overland Park city, Kansas","197,722","197,597","197,726"
128,"Montgomery city, Alabama","200,024","198,469","196,986"
129,"Birmingham city, Alabama","200,329","197,823","196,910"
130,"Grand Rapids city, Michigan","198,698","197,751","196,908"
131,"Knoxville city, Tennessee","191,478","193,598","195,889"
132,"Vancouver city, Washington","191,259","192,759","194,512"
133,"Huntington Beach city, California","198,410","196,463","194,310"
134,"Providence city, Rhode Island","190,728","190,081","189,563"
135,"Brownsville city, Texas","186,990","187,957","189,382"
136,"Glendale city, California","195,995","192,272","189,221"
137,"Akron city, Ohio","190,130","188,550","188,509"
138,"Tempe city, Arizona","181,680","181,040","185,950"
139,"Newport News city, Virginia","186,033","184,764","184,306"
140,"Chattanooga city, Tennessee","181,560","181,163","184,086"
141,"Mobile city, Alabama","186,611","185,017","183,289"
142,"Fort Lauderdale city, Florida","182,880","182,011","183,146"
143,"Cary town, North Carolina","175,510","177,463","180,388"
144,"Shreveport city, Louisiana","186,827","183,328","180,153"
145,"Ontario city, California","175,852","177,845","179,061"
146,"Eugene city, Oregon","177,389","177,953","177,923"
147,"Aurora city, Illinois","180,197","179,336","177,866"
148,"Elk Grove city, California","176,732","178,283","177,558"
149,"Salem city, Oregon","175,931","178,105","177,487"
150,"Santa Rosa city, California","177,835","177,149","177,181"
151,"Clarksville city, Tennessee","167,499","170,912","176,974"
152,"Rancho Cucamonga city, California","174,571","175,169","176,336"
153,"Oceanside city, California","173,914","172,919","172,199"
154,"Springfield city, Missouri","169,164","169,255","170,067"
155,"Pembroke Pines city, Florida","171,062","169,635","169,876"
156,"Garden Grove city, California","171,759","170,511","169,254"
157,"Fort Collins city, Colorado","169,979","169,266","169,249"
158,"Lancaster city, California","173,040","170,074","169,185"
159,"Palmdale city, California","168,863","165,452","163,463"
160,"Murfreesboro city, Tennessee","153,737","156,675","162,398"
161,"Salinas city, California","163,296","163,076","161,020"
162,"Corona city, California","157,549","159,782","159,567"
163,"Killeen city, Texas","153,726","156,959","159,172"
164,"Hayward city, California","162,602","158,445","156,754"
165,"Paterson city, New Jersey","159,153","157,905","156,661"
166,"Macon-Bibb County, Georgia","157,025","155,985","156,197"
167,"Lakewood city, Colorado","156,236","157,109","156,120"
168,"Alexandria city, Virginia","159,125","155,203","155,525"
169,"Roseville city, California","148,486","152,095","154,817"
170,"Surprise city, Arizona","144,395","149,325","154,198"
171,"Springfield city, Massachusetts","155,407","154,948","154,064"
172,"Charleston city, South Carolina","150,742","151,783","153,672"
173,"Kansas City city, Kansas","156,287","154,789","153,345"
174,"Sunnyvale city, California","155,264","152,030","153,091"
175,"Bellevue city, Washington","151,766","149,791","152,767"
176,"Hollywood city, Florida","152,792","152,427","152,650"
177,"Denton city, Texas","141,097","147,208","150,353"
178,"Escondido city, California","151,139","150,679","150,270"
179,"Joliet city, Illinois","150,221","150,550","150,033"
180,"Naperville city, Illinois","149,416","149,453","149,936"
181,"Bridgeport city, Connecticut","148,165","148,571","148,377"
182,"Savannah city, Georgia","147,442","146,438","148,004"
183,"Mesquite city, Texas","149,666","147,821","147,899"
184,"Pasadena city, Texas","151,359","148,674","147,662"
185,"Rockford city, Illinois","148,407","147,595","146,713"
186,"Pomona city, California","151,033","147,125","146,017"
187,"Jackson city, Mississippi","152,992","149,727","145,995"
188,"Olathe city, Kansas","141,575","143,427","145,616"
189,"Gainesville city, Florida","142,203","143,955","145,214"
190,"McAllen city, Texas","142,395","143,882","144,579"
191,"Syracuse city, New York","146,792","145,823","144,451"
192,"Waco city, Texas","140,534","142,336","143,984"
193,"Visalia city, California","141,859","142,795","143,966"
194,"Thornton city, Colorado","142,176","142,934","143,282"
195,"Torrance city, California","146,589","143,509","141,126"
196,"Fullerton city, California","143,419","140,559","140,541"
197,"Columbia city, South Carolina","136,186","136,394","139,698"
198,"New Haven city, Connecticut","133,959","138,731","138,915"
199,"Hampton city, Virginia","137,276","137,847","138,037"
200,"Miramar city, Florida","134,502","135,380","137,228"
201,"Victorville city, California","134,632","135,921","137,221"
202,"Warren city, Michigan","139,101","138,272","137,107"
203,"West Valley City city, Utah","139,967","139,065","136,650"
204,"Cedar Rapids city, Iowa","137,742","136,872","136,429"
205,"Stamford city, Connecticut","135,548","136,688","136,188"
206,"Orange city, California","139,428","137,295","136,178"
207,"Dayton city, Ohio","137,484","136,837","135,944"
208,"Midland city, Texas","132,876","131,505","134,444"
209,"Kent city, Washington","136,580","135,182","134,392"
210,"Elizabeth city, New Jersey","136,651","135,543","134,283"
211,"Pasadena city, California","138,304","135,932","134,211"
212,"Carrollton city, Texas","133,557","133,569","133,820"
213,"Coral Springs city, Florida","134,159","133,141","133,369"
214,"Sterling Heights city, Michigan","134,112","133,344","132,567"
215,"Fargo city, North Dakota","125,979","129,510","131,444"
216,"Lewisville city, Texas","126,428","127,214","131,215"
217,"Meridian city, Idaho","119,405","125,774","129,736"
218,"Norman city, Oklahoma","128,161","129,070","129,627"
219,"Palm Bay city, Florida","120,154","122,952","129,234"
220,"Athens-Clarke County unified government (balance), Georgia","127,243","127,873","128,561"
221,"Columbia city, Missouri","126,486","127,550","128,555"
222,"Abilene city, Texas","125,404","126,160","127,385"
223,"Pearland city, Texas","125,989","125,926","126,949"
224,"Santa Clara city, California","127,894","127,958","126,930"
225,"Round Rock city, Texas","120,531","124,041","126,697"
226,"Topeka city, Kansas","126,419","126,124","125,449"
227,"Allentown city, Pennsylvania","125,722","125,772","125,094"
228,"Clovis city, California","120,660","123,007","124,556"
229,"Simi Valley city, California","126,335","126,053","124,398"
230,"College Station city, Texas","120,763","122,650","124,319"
231,"Thousand Oaks city, California","126,770","126,001","124,265"
232,"Vallejo city, California","125,886","124,773","123,564"
233,"Concord city, California","125,256","124,337","122,625"
234,"Rochester city, Minnesota","121,565","121,728","121,878"
235,"Arvada city, Colorado","124,394","123,591","121,581"
236,"Lafayette city, Louisiana","121,445","121,486","121,389"
237,"Independence city, Missouri","122,974","122,219","121,202"
238,"West Palm Beach city, Florida","117,492","117,891","120,932"
239,"Hartford city, Connecticut","120,638","120,867","120,686"
240,"Wilmington city, North Carolina","115,756","117,792","120,324"
241,"Lakeland city, Florida","113,894","117,258","120,071"
242,"Billings city, Montana","117,205","117,703","119,960"
243,"Ann Arbor city, Michigan","123,625","119,070","119,875"
244,"Fairfield city, California","119,874","119,835","119,338"
245,"Berkeley city, California","124,206","114,810","118,950"
246,"Richardson city, Texas","119,323","118,149","118,802"
247,"North Charleston city, South Carolina","115,563","117,586","118,608"
248,"Cambridge city, Massachusetts","118,349","118,082","118,488"
249,"Broken Arrow city, Oklahoma","113,922","116,356","117,911"
250,"Clearwater city, Florida","117,284","117,093","117,027"
251,"West Jordan city, Utah","117,024","116,544","116,664"
252,"Evansville city, Indiana","117,364","116,670","115,749"
253,"League City city, Texas","114,679","115,611","115,418"
254,"Antioch city, California","115,251","114,964","115,264"
255,"Manchester city, New Hampshire","115,499","115,173","115,141"
256,"High Point city, North Carolina","114,225","114,676","115,067"
257,"Waterbury city, Connecticut","114,293","114,998","115,016"
258,"Westminster city, Colorado","116,302","114,798","114,533"
259,"Richmond city, California","116,367","115,731","114,301"
260,"Carlsbad city, California","114,896","115,224","114,160"
261,"Las Cruces city, New Mexico","111,699","112,853","113,888"
262,"Murrieta city, California","111,318","113,006","113,783"
263,"Lowell city, Massachusetts","115,366","114,288","113,608"
264,"Provo city, Utah","115,102","114,903","113,523"
265,"Springfield city, Illinois","114,264","113,742","113,273"
266,"Elgin city, Illinois","114,604","114,031","113,177"
267,"Odessa city, Texas","114,926","112,191","112,906"
268,"Lansing city, Michigan","112,554","112,549","112,537"
269,"Pompano Beach city, Florida","111,954","111,516","112,302"
270,"Beaumont city, Texas","114,980","113,638","112,089"
271,"Temecula city, California","110,013","110,810","111,752"
272,"Gresham city, Oregon","114,466","113,154","111,621"
273,"Allen city, Texas","105,537","107,019","111,551"
274,"Pueblo city, Colorado","111,891","111,991","111,456"
275,"Everett city, Washington","110,881","110,958","111,337"
276,"South Fulton city, Georgia","108,218","109,325","111,158"
277,"Peoria city, Illinois","112,850","111,870","111,021"
278,"Nampa city, Idaho","101,303","106,525","110,951"
279,"Tuscaloosa city, Alabama","104,214","109,082","110,602"
280,"Miami Gardens city, Florida","111,481","111,648","110,497"
281,"Santa Maria city, California","109,742","109,647","110,125"
282,"Downey city, California","113,973","111,570","109,934"
283,"Concord city, North Carolina","105,967","108,029","109,896"
284,"San Buenaventura (Ventura) city, California","110,518","110,027","109,527"
285,"Costa Mesa city, California","111,797","110,885","109,521"
286,"Sugar Land city, Texas","110,822","109,584","109,414"
287,"Menifee city, California","103,158","106,365","109,399"
288,"Tyler city, Texas","106,276","107,353","109,286"
289,"Sparks city, Nevada","108,876","109,681","109,226"
290,"Greeley city, Colorado","109,264","108,631","109,209"
291,"Rio Rancho city, New Mexico","104,361","105,944","108,082"
292,"Sandy Springs city, Georgia","108,163","107,344","107,763"
293,"Dearborn city, Michigan","109,662","108,736","107,710"
294,"Jurupa Valley city, California","105,313","106,982","107,609"
295,"Spokane Valley city, Washington","103,525","105,796","107,325"
296,"Hillsboro city, Oregon","106,981","106,916","107,299"
297,"Davie town, Florida","106,024","105,872","106,513"
298,"Green Bay city, Wisconsin","107,254","106,346","106,095"
299,"Centennial city, Colorado","108,185","107,332","105,865"
300,"Buckeye city, Arizona","93,754","101,720","105,567"
301,"Boulder city, Colorado","108,112","104,001","105,485"
302,"Goodyear city, Arizona","96,912","101,524","105,406"
303,"El Monte city, California","109,111","106,918","105,312"
304,"West Covina city, California","109,129","106,868","105,013"
305,"Brockton city, Massachusetts","105,502","105,501","104,826"
306,"New Braunfels city, Texas","91,621","99,032","104,707"
307,"El Cajon city, California","106,126","105,474","104,414"
308,"Edinburg city, Texas","100,707","103,068","104,294"
309,"Renton city, Washington","106,708","105,422","104,047"
310,"Burbank city, California","107,143","105,291","103,920"
311,"Inglewood city, California","107,384","105,097","103,621"
312,"Rialto city, California","104,125","104,305","103,545"
313,"Lee's Summit city, Missouri","101,617","102,853","103,465"
314,"Bend city, Oregon","99,669","102,428","103,254"
315,"South Bend city, Indiana","103,333","103,161","103,110"
316,"Wichita Falls city, Texas","102,513","102,786","102,664"
317,"St. George city, Utah","96,032","100,180","102,519"
318,"Fishers city, Indiana","99,456","101,339","101,966"
319,"Carmel city, Indiana","99,898","100,959","101,964"
320,"Vacaville city, California","101,806","101,447","101,918"
321,"Quincy city, Massachusetts","101,462","101,142","101,727"
322,"Conroe city, Texas","91,247","95,438","101,405"
323,"Chico city, California","102,135","100,162","101,299"
324,"San Mateo city, California","105,327","102,400","100,984"
325,"Lynn city, Massachusetts","101,095","100,992","100,891"
326,"Albany city, New York","98,664","100,735","100,826"
327,"Hesperia city, California","100,090","100,847","100,744"
328,"New Bedford city, Massachusetts","100,987","101,007","100,682"
329,"Davenport city, Iowa","101,646","101,072","100,486"
330,"Daly City city, California","104,633","101,482","100,007"
331,"Fayetteville city, Arkansas","94,769","97,328","99,285"
332,"San Angelo city, Texas","100,060","99,423","99,112"
333,"Boca Raton city, Florida","98,242","98,796","99,009"
334,"Longmont city, Colorado","99,181","99,721","98,687"
335,"Norwalk city, California","102,410","100,313","98,537"
335,"Suffolk city, Virginia","94,697","96,328","98,537"
337,"Yuma city, Arizona","96,398","97,154","98,527"
338,"Kenosha city, Wisconsin","99,895","99,270","98,484"
339,"Palm Coast city, Florida","89,735","93,748","98,411"
340,"Federal Way city, Washington","100,981","99,283","97,863"
341,"Roanoke city, Virginia","99,883","98,744","97,847"
342,"Vista city, California","98,390","98,563","97,766"
343,"Tracy city, California","93,413","95,252","97,328"
344,"Deltona city, Florida","94,038","95,386","97,267"
345,"Beaverton city, Oregon","97,495","98,466","97,053"
346,"Portsmouth city, Virginia","97,954","97,638","97,029"
347,"Yakima city, Washington","97,055","96,918","97,012"
348,"Sunrise city, Florida","97,103","96,222","96,306"
349,"Edmond city, Oklahoma","94,750","95,356","96,286"
350,"Plantation city, Florida","92,050","93,188","96,042"
351,"Fort Myers city, Florida","87,271","93,290","95,949"
352,"Orem city, Utah","98,424","98,150","95,910"
353,"Lawrence city, Kansas","94,923","95,372","95,794"
354,"Reading city, Pennsylvania","94,972","94,940","94,858"
355,"San Marcos city, California","94,900","93,756","94,854"
356,"Mount Pleasant town, South Carolina","91,092","92,844","94,545"
357,"Bellingham city, Washington","91,871","90,133","93,896"
358,"Livonia city, Michigan","95,270","94,612","93,779"
359,"Asheville city, North Carolina","94,390","94,142","93,776"
360,"Fall River city, Massachusetts","93,933","93,952","93,682"
361,"O'Fallon city, Missouri","91,631","93,729","93,663"
362,"Erie city, Pennsylvania","94,704","94,160","93,511"
363,"Chino city, California","91,131","91,716","93,140"
364,"Sandy city, Utah","96,921","95,076","93,022"
365,"Roswell city, Georgia","92,939","92,627","92,950"
366,"Redding city, California","93,479","93,422","92,906"
367,"Hoover city, Alabama","92,714","92,627","92,435"
368,"Carson city, California","95,286","93,285","92,388"
369,"Kirkland city, Washington","92,734","92,129","92,151"
370,"Compton city, California","95,411","93,456","91,988"
371,"Indio city, California","89,274","90,528","91,980"
372,"Mission Viejo city, California","93,464","92,436","91,776"
373,"Avondale city, Arizona","89,564","90,502","91,617"
374,"Merced city, California","86,648","89,515","91,563"
375,"Lawton city, Oklahoma","90,365","91,242","91,542"
376,"Norwalk city, Connecticut","90,928","91,475","91,401"
377,"Nashua city, New Hampshire","91,193","91,297","91,161"
378,"South Gate city, California","92,434","91,012","90,926"
379,"Hemet city, California","89,844","90,480","90,689"
380,"Fort Smith city, Arkansas","89,147","89,557","89,992"
381,"Santa Monica city, California","92,803","91,250","89,947"
382,"Trenton city, New Jersey","90,578","90,026","89,661"
383,"Temple city, Texas","82,645","85,587","89,458"
384,"Westminster city, California","90,786","90,124","89,397"
385,"Champaign city, Illinois","88,358","89,338","89,241"
386,"Greenville city, North Carolina","87,626","88,399","89,233"
387,"Santa Fe city, New Mexico","87,724","88,302","89,008"
388,"Clifton city, New Jersey","90,054","89,516","88,709"
389,"Waukegan city, Illinois","89,115","88,679","87,976"
390,"Lawrence city, Massachusetts","88,876","88,436","87,954"
391,"Bloomington city, Minnesota","89,844","89,437","87,797"
392,"Bryan city, Texas","84,325","85,256","87,792"
393,"Springdale city, Arkansas","87,312","87,658","87,672"
394,"Santa Barbara city, California","88,676","88,316","87,533"
395,"Newton city, Massachusetts","88,759","87,799","87,381"
396,"Troy city, Michigan","87,076","87,592","87,201"
397,"Danbury city, Connecticut","86,254","87,105","86,967"
398,"Manteca city, California","83,834","85,716","86,928"
399,"Franklin city, Tennessee","84,124","85,804","86,895"
400,"Ogden city, Utah","87,292","86,639","86,825"
401,"Deerfield Beach city, Florida","86,763","86,512","86,772"
402,"San Leandro city, California","90,707","88,440","86,762"
403,"Mission city, Texas","85,848","86,177","86,635"
404,"Duluth city, Minnesota","86,718","86,584","86,619"
405,"Georgetown city, Texas","68,293","75,620","86,507"
406,"Melbourne city, Florida","85,047","86,008","86,441"
407,"Citrus Heights city, California","87,521","87,111","86,433"
408,"San Ramon city, California","86,616","87,023","85,953"
409,"Lake Forest city, California","85,848","85,631","85,638"
410,"Medford city, Oregon","85,975","86,634","85,556"
411,"Sioux City city, Iowa","85,762","85,833","85,497"
412,"North Port city, Florida","75,487","79,795","85,099"
413,"Auburn city, Washington","87,059","85,853","84,858"
414,"Kennewick city, Washington","83,981","84,698","84,750"
415,"Livermore city, California","87,880","86,388","84,701"
416,"Hawthorne city, California","87,804","86,010","84,563"
417,"Whittier city, California","87,006","85,330","84,496"
418,"Lehi city, Utah","76,837","79,917","84,373"
419,"Baytown city, Texas","85,366","84,312","84,324"
420,"Westland city, Michigan","85,196","84,678","84,037"
421,"Newport Beach city, California","85,208","84,713","83,993"
422,"South Jordan city, Utah","77,950","80,102","83,513"
423,"Brooklyn Park city, Minnesota","86,206","84,467","83,324"
424,"Folsom city, California","80,749","81,687","83,269"
425,"Warwick city, Rhode Island","82,845","83,028","83,016"
426,"Farmington Hills city, Michigan","83,774","83,368","82,737"
427,"Gastonia city, North Carolina","80,524","81,359","82,653"
428,"Layton city, Utah","82,046","83,417","82,601"
429,"Longview city, Texas","81,641","81,553","82,531"
430,"Largo city, Florida","82,484","82,437","82,487"
431,"Johns Creek city, Georgia","82,575","82,183","82,453"
432,"Buena Park city, California","83,862","82,951","82,450"
433,"Cranston city, Rhode Island","82,824","82,598","82,421"
434,"New Rochelle city, New York","80,192","81,389","82,288"
435,"Warner Robins city, Georgia","80,567","81,566","82,175"
435,"Frederick city, Maryland","78,352","79,889","82,175"
437,"Cicero town, Illinois","84,928","83,313","81,919"
438,"Homestead city, Florida","80,510","80,707","81,562"
439,"Mountain View city, California","82,430","81,675","81,059"
440,"Boynton Beach city, Florida","80,652","80,244","80,859"
441,"Rancho Cordova city, California","79,503","80,210","80,598"
442,"Redwood City city, California","84,131","81,522","80,512"
443,"Perris city, California","78,861","79,825","80,263"
444,"Alhambra city, California","82,657","81,168","80,259"
445,"Castle Rock town, Colorado","73,881","76,652","80,191"
446,"Pharr city, Texas","79,821","79,675","80,179"
447,"Miami Beach city, Florida","82,458","80,882","80,017"
448,"Auburn city, Alabama","76,624","78,887","80,006"
449,"Kissimmee city, Florida","79,202","79,579","80,003"
450,"Jonesboro city, Arkansas","78,852","78,862","79,876"
451,"Flint city, Michigan","81,108","80,586","79,854"
452,"Somerville city, Massachusetts","80,814","80,018","79,762"
453,"Parma city, Ohio","80,949","80,154","79,358"
454,"Pasco city, Washington","77,452","78,541","79,315"
455,"Lynchburg city, Virginia","78,973","79,118","79,287"
456,"Lake Charles city, Louisiana","84,873","80,521","79,113"
457,"Bloomington city, Indiana","79,062","79,342","79,107"
458,"Lakewood city, California","82,213","80,473","79,063"
459,"Bloomington city, Illinois","78,682","78,848","78,864"
460,"Upland city, California","79,120","79,265","78,841"
461,"Rapid City city, South Dakota","74,924","76,723","78,824"
462,"Plymouth city, Minnesota","80,945","79,820","78,683"
463,"Woodbury city, Minnesota","75,472","77,094","78,561"
464,"Flower Mound town, Texas","76,472","77,532","78,486"
465,"Tustin city, California","79,896","79,346","78,418"
466,"Napa city, California","79,039","78,855","78,315"
467,"Daytona Beach city, Florida","72,274","75,323","77,958"
468,"Chino Hills city, California","78,468","78,579","77,949"
469,"Loveland city, Colorado","76,362","77,002","77,884"
470,"Milpitas city, California","80,127","78,218","77,738"
471,"Cedar Park city, Texas","78,012","78,863","77,642"
472,"Bethlehem city, Pennsylvania","75,697","77,910","77,617"
473,"Pittsburg city, California","76,605","76,662","77,572"
474,"Doral city, Florida","76,207","76,167","76,983"
475,"Missoula city, Montana","74,394","75,373","76,955"
476,"Redmond city, Washington","73,348","76,463","76,732"
477,"Wyoming city, Michigan","76,755","76,853","76,726"
478,"Mansfield city, Texas","72,757","74,429","76,724"
479,"Pleasanton city, California","79,676","77,904","76,689"
480,"Hammond city, Indiana","77,759","77,204","76,575"
481,"Missouri City city, Texas","74,425","75,047","76,500"
482,"Racine city, Wisconsin","77,685","77,079","76,462"
483,"Bellflower city, California","78,975","77,411","76,405"
484,"Schaumburg village, Illinois","78,443","77,165","76,225"
485,"Broomfield city, Colorado","74,484","75,375","76,121"
486,"Alameda city, California","78,044","76,246","76,040"
487,"Rochester Hills city, Michigan","76,119","76,063","75,936"
488,"Flagstaff city, Arizona","77,090","74,729","75,907"
489,"Apple Valley town, California","75,874","76,158","75,867"
490,"Scranton city, Pennsylvania","76,172","76,141","75,848"
491,"Evanston city, Illinois","77,857","76,686","75,544"
492,"Southfield city, Michigan","76,381","75,914","75,431"
493,"Rock Hill city, South Carolina","74,690","74,743","75,349"
494,"Iowa City city, Iowa","74,908","75,172","75,233"
495,"Arlington Heights village, Illinois","77,447","76,153","75,195"
496,"Pawtucket city, Rhode Island","75,480","75,277","75,066"
497,"Bowling Green city, Kentucky","72,456","73,149","74,926"
498,"Lakeville city, Minnesota","70,023","72,751","74,553"
499,"Appleton city, Wisconsin","75,707","74,856","74,511"
500,"Bismarck city, North Dakota","73,737","74,083","74,445"
501,"New Britain city, Connecticut","73,974","74,581","74,396"
502,"Leander city, Texas","60,848","67,093","74,375"
503,"Bolingbrook village, Illinois","73,818","73,668","74,031"
504,"Rocklin city, California","71,861","73,082","73,857"
505,"Redlands city, California","73,257","73,538","73,849"
506,"Lauderhill city, Florida","74,312","73,605","73,633"
507,"Rogers city, Arkansas","70,342","71,436","72,999"
508,"Kalamazoo city, Michigan","73,502","72,343","72,873"
509,"Noblesville city, Indiana","69,909","71,155","72,748"
510,"Johnson City city, Tennessee","71,118","71,188","72,514"
511,"Greenville city, South Carolina","71,031","72,286","72,310"
512,"Turlock city, California","72,694","72,216","72,309"
513,"Marysville city, Washington","70,972","71,363","72,275"
514,"Gulfport city, Mississippi","72,872","72,220","72,236"
515,"Ankeny city, Iowa","68,363","70,452","72,222"
516,"Dublin city, California","72,524","71,516","72,060"
517,"Tamarac city, Florida","71,906","71,706","71,912"
518,"Lake Elsinore city, California","70,333","71,505","71,898"
519,"Blaine city, Minnesota","70,466","71,008","71,739"
520,"Mount Vernon city, New York","73,552","72,801","71,714"
521,"Harlingen city, Texas","71,874","72,095","71,678"
522,"Wilmington city, Delaware","70,847","70,823","71,569"
523,"Lafayette city, Indiana","70,738","70,902","71,402"
524,"Dothan city, Alabama","71,081","71,033","71,235"
525,"St. Charles city, Missouri","70,738","71,048","71,184"
526,"Apex town, North Carolina","65,355","68,368","71,065"
527,"Eastvale city, California","69,966","71,341","71,024"
528,"Camden city, New Jersey","71,741","71,558","70,996"
529,"Framingham city, Massachusetts","72,136","71,289","70,963"
530,"West Des Moines city, Iowa","68,912","69,886","70,741"
531,"Queen Creek town, Arizona","60,895","66,318","70,734"
532,"Tulare city, California","69,255","70,788","70,693"
533,"North Richland Hills city, Texas","70,286","70,259","70,663"
534,"St. Joseph city, Missouri","72,141","71,411","70,656"
535,"Maple Grove city, Minnesota","70,289","70,606","70,582"
536,"Waukesha city, Wisconsin","71,177","70,723","70,454"
537,"Jacksonville city, North Carolina","72,642","70,631","70,420"
538,"San Marcos city, Texas","68,128","69,215","70,301"
539,"Camarillo city, California","70,830","70,904","70,282"
540,"Eau Claire city, Wisconsin","69,497","69,106","69,737"
541,"Canton city, Ohio","70,696","70,227","69,671"
542,"St. Cloud city, Minnesota","68,866","69,051","69,568"
543,"Bayonne city, New Jersey","71,601","69,446","69,527"
544,"Baldwin Park city, California","71,971","70,561","69,455"
545,"Shawnee city, Kansas","67,439","67,667","69,198"
546,"Passaic city, New Jersey","70,325","69,744","69,128"
547,"Decatur city, Illinois","70,717","69,919","69,097"
548,"Yuba City city, California","69,949","69,505","69,014"
549,"Walnut Creek city, California","70,039","69,863","68,969"
550,"Gaithersburg city, Maryland","69,496","69,175","68,952"
551,"Redondo Beach city, California","71,333","69,898","68,918"
552,"Schenectady city, New York","68,361","68,992","68,809"
553,"East Orange city, New Jersey","69,374","68,889","68,446"
554,"Portland city, Maine","68,492","68,484","68,424"
555,"Jackson city, Tennessee","68,203","67,908","68,380"
556,"Madera city, California","66,461","67,865","68,050"
557,"Grand Junction city, Colorado","65,685","66,820","68,034"
558,"Gary city, Indiana","69,002","68,529","67,972"
559,"Idaho Falls city, Idaho","65,885","67,147","67,723"
560,"Weston city, Florida","67,998","67,477","67,677"
561,"Conway city, Arkansas","64,345","65,965","67,617"
562,"Eagan city, Minnesota","68,736","68,720","67,534"
563,"Alpharetta city, Georgia","65,960","66,221","67,267"
564,"Lodi city, California","66,443","67,023","67,258"
565,"Albany city, Georgia","69,102","66,314","67,192"
566,"Haverhill city, Massachusetts","67,668","67,399","67,153"
567,"Yorba Linda city, California","68,330","67,925","67,089"
568,"Davis city, California","66,760","67,066","67,048"
569,"Union City city, California","69,985","68,363","67,039"
570,"Delray Beach city, Florida","66,809","66,653","67,030"
571,"Ames city, Iowa","66,481","67,005","66,950"
572,"Rockville city, Maryland","67,354","67,234","66,924"
573,"Waterloo city, Iowa","67,269","66,912","66,562"
574,"Novi city, Michigan","66,154","66,581","66,372"
575,"Maricopa city, Arizona","58,851","62,446","66,290"
576,"Brentwood city, California","64,463","64,931","66,127"
577,"Commerce City city, Colorado","62,776","64,423","66,115"
578,"Palo Alto city, California","68,385","66,735","66,010"
579,"Oshkosh city, Wisconsin","66,770","65,377","65,948"
580,"Caldwell city, Idaho","60,645","63,881","65,920"
581,"Janesville city, Wisconsin","65,667","65,851","65,911"
582,"Sammamish city, Washington","67,440","66,725","65,845"
583,"Pflugerville city, Texas","65,484","66,481","65,556"
584,"Skokie village, Illinois","67,711","66,526","65,497"
585,"Palatine village, Illinois","67,696","66,505","65,485"
586,"Ocala city, Florida","63,793","64,286","65,478"
587,"Greenwood city, Indiana","63,980","64,897","65,406"
588,"Medford city, Massachusetts","60,414","62,163","65,399"
589,"Victoria city, Texas","65,521","65,185","65,372"
590,"Union City city, New Jersey","68,130","65,848","65,366"
591,"Lorain city, Ohio","65,224","65,343","65,365"
592,"Rowlett city, Texas","62,776","63,762","65,113"
593,"Muncie city, Indiana","65,099","65,150","65,076"
594,"Port Orange city, Florida","62,728","63,279","64,870"
595,"Malden city, Massachusetts","66,011","65,136","64,712"
596,"North Little Rock city, Arkansas","64,660","64,169","64,627"
597,"Cheyenne city, Wyoming","65,220","65,066","64,610"
598,"St. Cloud city, Florida","59,419","62,128","64,489"
599,"Lynwood city, California","66,815","64,824","64,086"
600,"Utica city, New York","65,160","64,597","64,081"
601,"Waltham city, Massachusetts","65,046","64,393","64,065"
602,"Kenner city, Louisiana","66,298","65,397","64,007"
603,"Burnsville city, Minnesota","64,512","64,029","63,936"
604,"Laguna Niguel city, California","64,226","64,140","63,742"
605,"South San Francisco city, California","66,124","64,361","63,484"
606,"San Clemente city, California","64,257","63,842","63,457"
607,"Moore city, Oklahoma","63,047","63,070","63,223"
608,"Sanford city, Florida","61,096","61,090","63,154"
609,"Huntersville town, North Carolina","61,572","61,909","63,035"
610,"Millcreek city, Utah","63,668","64,228","63,034"
611,"Bellevue city, Nebraska","64,322","63,885","63,015"
612,"Porterville city, California","62,666","62,788","62,998"
613,"Hamilton city, Ohio","63,404","63,088","62,937"
614,"Hendersonville city, Tennessee","62,114","62,392","62,896"
615,"Richland city, Washington","60,878","62,115","62,821"
616,"Coon Rapids city, Minnesota","63,581","63,472","62,785"
617,"Bossier City city, Louisiana","62,703","62,960","62,635"
618,"Marietta city, Georgia","61,026","61,386","62,602"
619,"Lakewood city, Washington","63,612","63,429","62,572"
620,"Eden Prairie city, Minnesota","64,172","63,105","62,476"
621,"Council Bluffs city, Iowa","62,789","62,592","62,405"
622,"Taylor city, Michigan","63,223","62,709","62,258"
623,"Chapel Hill town, North Carolina","56,624","61,295","62,098"
624,"Dearborn Heights city, Michigan","63,116","62,584","61,980"
625,"La Habra city, California","63,096","62,599","61,978"
626,"Pontiac city, Michigan","61,821","62,086","61,854"
627,"Santa Cruz city, California","62,885","54,941","61,800"
628,"Woodland city, California","61,051","61,538","61,462"
629,"Wellington village, Florida","61,575","61,349","61,438"
630,"Springfield city, Oregon","61,834","61,866","61,400"
631,"Encinitas city, California","61,988","61,768","61,369"
632,"Bristol city, Connecticut","60,776","61,138","61,330"
633,"Parker town, Colorado","58,878","60,488","61,222"
634,"Jupiter town, Florida","61,115","61,065","61,126"
635,"Stonecrest city, Georgia","59,265","59,998","61,087"
636,"Corvallis city, Oregon","59,934","60,263","60,956"
637,"Wylie city, Texas","57,888","59,461","60,943"
638,"Montebello city, California","62,410","61,125","60,569"
639,"Vineland city, New Jersey","60,631","60,563","60,491"
640,"Great Falls city, Montana","60,431","60,347","60,382"
641,"La Mesa city, California","61,070","60,733","60,360"
642,"Meriden city, Connecticut","60,619","60,437","60,242"
643,"Palm Beach Gardens city, Florida","59,237","59,529","60,175"
644,"Euless city, Texas","61,073","60,521","60,169"
645,"Owensboro city, Kentucky","60,238","60,035","60,037"
646,"Casa Grande city, Arizona","54,119","57,400","60,032"
647,"San Rafael city, California","61,130","60,814","59,971"
648,"Taunton city, Massachusetts","59,470","59,701","59,922"
649,"Madison city, Alabama","57,294","58,328","59,785"
650,"Pico Rivera city, California","61,890","60,696","59,781"
651,"Shoreline city, Washington","58,805","58,081","59,690"
652,"Kokomo city, Indiana","59,573","59,657","59,671"
653,"Blue Springs city, Missouri","58,770","59,460","59,518"
654,"White Plains city, New York","59,441","59,551","59,316"
655,"Burlington city, North Carolina","57,589","58,756","59,287"
656,"Herriman city, Utah","56,210","58,155","59,179"
657,"Youngstown city, Ohio","59,896","59,175","59,144"
658,"Santee city, California","59,952","59,296","59,051"
659,"West Allis city, Wisconsin","60,252","59,496","58,950"
660,"Lake Havasu City city, Arizona","57,369","58,181","58,926"
661,"North Miami city, Florida","59,839","59,063","58,906"
662,"Dubuque city, Iowa","59,642","59,251","58,873"
663,"Gardena city, California","60,875","59,721","58,843"
664,"Grand Forks city, North Dakota","59,140","58,676","58,692"
665,"Petaluma city, California","59,776","59,589","58,652"
666,"Lenexa city, Kansas","57,547","58,530","58,617"
667,"Des Plaines city, Illinois","60,482","59,495","58,594"
668,"Monterey Park city, California","60,891","59,586","58,554"
669,"Lacey city, Washington","56,619","57,167","58,552"
670,"Casper city, Wyoming","59,299","58,763","58,543"
671,"Revere city, Massachusetts","61,867","59,517","58,528"
672,"St. Peters city, Missouri","57,703","58,215","58,523"
673,"Hanford city, California","58,098","58,468","58,470"
674,"Terre Haute city, Indiana","58,387","58,346","58,335"
675,"Hempstead village, New York","58,855","58,691","58,331"
676,"Margate city, Florida","58,599","58,127","58,209"
677,"Carson City, Nevada","58,683","58,796","58,130"
678,"Springfield city, Ohio","58,590","58,533","58,106"
679,"Gilroy city, California","59,383","58,115","58,005"
680,"Midwest City city, Oklahoma","58,461","58,146","57,950"
681,"Brookhaven city, Georgia","56,807","57,074","57,934"
682,"Decatur city, Alabama","57,757","57,605","57,922"
683,"Taylorsville city, Utah","60,367","59,251","57,879"
684,"Bentonville city, Arkansas","54,808","56,936","57,868"
685,"Cupertino city, California","60,157","58,578","57,856"
686,"St. Clair Shores city, Michigan","58,725","58,247","57,742"
687,"Pocatello city, Idaho","56,433","57,242","57,730"
688,"Hoboken city, New Jersey","59,912","58,165","57,703"
689,"Orland Park village, Illinois","58,567","57,982","57,511"
690,"Royal Oak city, Michigan","58,023","57,826","57,495"
691,"Kyle city, Texas","46,442","51,838","57,470"
692,"Lancaster city, Pennsylvania","57,937","57,646","57,453"
693,"Weymouth Town city, Massachusetts","57,461","57,655","57,410"
694,"Sarasota city, Florida","55,182","56,160","57,376"
695,"Coconut Creek city, Florida","57,722","57,248","57,348"
696,"Bowie city, Maryland","58,234","57,724","57,192"
697,"Kettering city, Ohio","57,823","57,557","57,027"
698,"Apopka city, Florida","54,903","55,616","57,017"
699,"Bradenton city, Florida","55,812","56,309","56,961"
700,"Albany city, Oregon","56,670","56,932","56,891"
701,"Bartlett city, Tennessee","57,759","57,395","56,798"
702,"Coeur d'Alene city, Idaho","54,938","56,145","56,733"
703,"Highland city, California","57,034","57,115","56,705"
704,"Smyrna town, Tennessee","53,489","55,525","56,516"
705,"Bonita Springs city, Florida","53,852","54,852","56,370"
706,"Southaven city, Mississippi","54,841","55,565","56,360"
707,"Beaumont city, California","53,523","55,271","56,349"
708,"Oak Lawn village, Illinois","58,169","57,158","56,286"
709,"Smyrna city, Georgia","55,867","56,009","56,160"
710,"Kingsport city, Tennessee","55,413","55,603","56,150"
711,"Bozeman city, Montana","53,611","55,146","56,123"
712,"New Brunswick city, New Jersey","55,289","56,299","55,998"
713,"DeSoto city, Texas","56,078","55,760","55,968"
714,"Marana town, Arizona","52,612","54,672","55,962"
715,"Fountain Valley city, California","56,967","56,440","55,930"
716,"Spring Hill city, Tennessee","51,299","54,122","55,800"
717,"Tigard city, Oregon","55,015","55,896","55,762"
718,"Olympia city, Washington","55,607","55,950","55,669"
719,"Texas City city, Texas","52,271","54,283","55,667"
720,"Port Arthur city, Texas","56,000","56,137","55,579"
721,"National City city, California","56,115","55,927","55,550"
722,"San Jacinto city, California","54,064","55,287","55,470"
723,"Kannapolis city, North Carolina","53,442","54,499","55,448"
724,"Apple Valley city, Minnesota","56,267","55,860","55,416"
725,"Perth Amboy city, New Jersey","55,382","55,462","55,357"
725,"Little Elm city, Texas","47,194","51,238","55,357"
727,"Anderson city, Indiana","54,749","54,922","55,099"
728,"Valdosta city, Georgia","55,415","55,168","55,074"
729,"West Sacramento city, California","53,914","53,983","55,064"
730,"Winter Haven city, Florida","50,595","52,711","55,024"
731,"Berwyn city, Illinois","57,012","55,935","55,021"
732,"West Haven city, Connecticut","55,432","55,176","55,004"
733,"Chicopee city, Massachusetts","55,443","55,228","54,980"
734,"Arcadia city, California","56,466","55,334","54,857"
735,"Mount Prospect village, Illinois","56,711","55,691","54,843"
736,"Logan city, Utah","52,808","54,434","54,680"
737,"Westfield city, Indiana","46,998","50,702","54,605"
738,"Plainfield city, New Jersey","54,344","55,006","54,513"
739,"Yucaipa city, California","54,586","54,713","54,420"
740,"Twin Falls city, Idaho","52,079","53,497","54,300"
741,"Tinley Park village, Illinois","55,837","54,991","54,287"
742,"Eagle Mountain city, Utah","44,609","49,657","54,149"
743,"Kentwood city, Michigan","54,274","54,197","54,077"
744,"Rocky Mount city, North Carolina","54,312","53,941","54,013"
745,"Colton city, California","53,970","54,272","53,918"
746,"Peabody city, Massachusetts","54,388","54,140","53,896"
747,"Pensacola city, Florida","54,468","53,963","53,876"
748,"Manhattan city, Kansas","54,144","54,406","53,829"
749,"Elkhart city, Indiana","53,857","53,871","53,801"
750,"Pinellas Park city, Florida","53,372","53,304","53,653"
751,"Burleson city, Texas","47,991","51,493","53,381"
752,"Methuen Town city, Massachusetts","52,985","52,882","53,241"
753,"Galveston city, Texas","53,651","53,348","53,089"
754,"Wheaton city, Illinois","53,800","53,412","52,984"
755,"Elyria city, Ohio","52,676","52,778","52,908"
756,"Diamond Bar city, California","54,896","53,763","52,855"
757,"Normal town, Illinois","52,749","52,821","52,838"
758,"Mooresville town, North Carolina","50,502","51,695","52,656"
759,"Huntington Park city, California","54,712","53,584","52,633"
760,"Oak Park village, Illinois","54,396","53,360","52,553"
761,"Minnetonka city, Minnesota","54,083","53,200","52,544"
762,"Lincoln city, California","49,817","50,658","52,534"
763,"Joplin city, Missouri","51,800","51,957","52,518"
764,"Grand Island city, Nebraska","53,017","52,473","52,513"
765,"Cathedral City city, California","51,569","52,230","52,494"
766,"Edina city, Minnesota","53,367","53,339","52,437"
767,"Dunwoody city, Georgia","51,614","51,025","52,201"
768,"Novato city, California","53,100","52,904","52,184"
769,"Battle Creek city, Michigan","52,651","52,462","52,123"
770,"West New York town, New Jersey","52,544","52,431","51,981"
771,"Placentia city, California","51,723","51,236","51,951"
772,"Paramount city, California","53,578","52,485","51,653"
773,"Summerville town, South Carolina","51,084","51,337","51,617"
774,"Collierville town, Tennessee","51,411","51,529","51,594"
775,"Palm Desert city, California","51,200","51,591","51,583"
776,"Watsonville city, California","52,506","52,017","51,525"
777,"Florissant city, Missouri","52,441","52,041","51,506"
778,"Rockwall city, Texas","47,734","49,753","51,461"
779,"La Crosse city, Wisconsin","52,665","51,002","51,380"
780,"Columbus city, Indiana","50,496","50,792","51,268"
781,"Middletown city, Ohio","51,031","51,080","51,229"
782,"Grapevine city, Texas","50,765","50,911","51,226"
783,"Aliso Viejo city, California","52,205","51,901","51,221"
784,"Harrisonburg city, Virginia","51,706","51,526","51,158"
785,"Wake Forest town, North Carolina","48,249","49,899","51,113"
786,"Jeffersonville city, Indiana","49,563","50,397","51,030"
787,"Mishawaka city, Indiana","51,044","50,994","50,913"
788,"Troy city, New York","51,337","51,216","50,895"
789,"Delano city, California","49,852","50,668","50,843"
790,"Glendora city, California","52,497","51,592","50,824"
791,"Burien city, Washington","51,985","51,201","50,806"
792,"Newark city, Ohio","50,003","50,324","50,763"
793,"Draper city, Utah","51,024","51,381","50,731"
794,"Hoffman Estates village, Illinois","52,402","51,478","50,682"
795,"Cuyahoga Falls city, Ohio","51,050","50,863","50,655"
796,"Enid city, Oklahoma","51,169","50,546","50,499"
797,"Milford city (balance), Connecticut","50,467","50,486","50,471"
798,"Harrisburg city, Pennsylvania","50,092","50,236","50,183"
799,"Rosemead city, California","51,082","50,221","49,791"
800,"Lakewood city, Ohio","50,809","50,250","49,658"
801,"Covina city, California","51,173","50,370","49,489"
802,"Murray city, Utah","50,520","49,734","49,463"
803,"Downers Grove village, Illinois","50,126","49,742","49,354"
804,"Cypress city, California","50,171","49,858","49,243"
805,"St. Louis Park city, Minnesota","50,021","49,244","48,827"
806,"Azusa city, California","50,154","49,289","48,824"
"Note: The estimates are based on the 2020 Census and reflect changes to the April 1, 2020 population due to the Count Question Resolution program, geographic program revisions, and the application of disclosure avoidance to protect confidentiality. For population estimates methodology statements, see https://www.census.gov/programs-surveys/popest/technical-documentation/methodology.html. All geographic boundaries for the 2022 population estimates series are as of January 1, 2022. For updates on Legal Boundary Change/Annexation Data, see https://www.census.gov/geographies/reference-files/time-series/geo/bas/annex.html. Additional information on these localities can be found in the Geographic Boundary Change Notes (see https://www.census.gov/programs-surveys/geography/technical-documentation/boundary-change-notes.html). ",,,,
Suggested Citation:,,,,
"Annual Estimates of the Resident Population for Incorporated Places of 50,000 or More, Ranked by July 1, 2022 Population: April 1, 2020 to July 1, 2022 (SUB-IP-EST2022-ANNRNK)",,,,
"Source: U.S. Census Bureau, Population Division",,,,
Release Date: May 2023,,,,